1253444747278024706,Sanchezmendieta,Vea la actualizaci√≥n de las cifras sobre los casos de coronavirus o Covid19 en Ecuador üëá https://t.co/UUTEg0aMGN https://t.co/yrWhKkwFhn,2020-04-23 22:04:50,Ecuador
1253444838395125767,FURIAZUL1,Confirman que Covid-19 estaba en EE.UU. antes de febrero|Noticias|teleSUR https://t.co/xIRmlTlqxF,2020-04-23 22:05:12,Ecuador
1253444970834530306,rogerdario1,"ITALIA DESCUBRE LA VERDAD Y EL VERDADERO  TRATAMIENTO DEL COVID-19-
SEG√öN INFORM√ì FERNANDO H√âCTOR PETRONI.
ANATOMOPAT√ìLOGOS EN BIOPSIAS DE FALLECIDOS DESCUBREN LA VERDADERA CAUSA DE LA MUERTE: TROMBOSIS ( TROMBOS Y NO CORONAVIRUS)  DISEMINADA
QU√â TAL?
Y LA OMS?
Y CHINA? OJO-VIDEO https://t.co/uzpl0kKSdz",2020-04-23 22:05:43,Venezuela
1253445096432898048,cancerbero_real,"El nombre de L√≥pez Obrador aparece en los cr√©ditos de 25,000 pesos por emergencia de coronavirus https://t.co/kGTdp4ZKSG",2020-04-23 22:06:13,M√©xico
1253445104498610176,Panamaimage1,"ONU destaca liderazgo del presidente paname√±o en lucha regional contra el COVID-19

Tras reconocer la eficaz coordinaci√≥n que existe entre los mecanismos nacionales emergentes y el sistema de las Naciones Unidas en‚Ä¶ https://t.co/LVIcwG9CBa",2020-04-23 22:06:15,Panam√°
1253445245561376772,DrAlexisTejedor,El mundo nos mira. Al Rojo Vivo @MariaCeleste reporta sobre ROSA para contener el CoViD-19 https://t.co/GqbjKTCVN8,2020-04-23 22:06:49,Panam√°
1253445537954750465,pedro_crd,"En Chubut solo hay dos casos de coronavirus pero no flexibilizan el aislamiento porque como el peronismo hizo mierda la provincia y los estatales no cobran sus sueldos, en cuanto se levante, vuelven los paros, cortes de calles, manifestaciones. Viva Per√≥n.",2020-04-23 22:07:58,Argentina
1253445581164302336,EconomiaSonora,"Alibaba Business School imparti√≥ el taller ""Sobreviviendo al Covid-19 con transformaci√≥n digital para pymes‚Äù  a trav√©s de Facebook Live, ‚Äú. @AndresDBedolla.
üë©üèΩ‚Äçüíªüë®üèΩ‚Äçüíª
https://t.co/ZdHaS4WfhJ

#Qu√©dateEnCasaObligatorio
#TodosJalamos https://t.co/pCAY0NJDjH",2020-04-23 22:08:09,M√©xico
1253445620607614983,pliriasan,Coronavirus en Colombia: Leticia registra su primera muerte y hay 205 nuevos contagios https://t.co/CvEvFSU5Fv v√≠a @NoticiasCaracol,2020-04-23 22:08:18,Colombia
1253445622931361796,moni_donoso,"Despu√©s de tantos d√≠as en esto mismo, c√≥mo Ie dicen ustedes? Coronavirus, Covid-19, corona, el virus , pandemia, la enfermedad, bicho maldito y la CTM, los leo.",2020-04-23 22:08:19,Chile
1253445800656592897,torreon,#Salud ¬øQu√© es una intubaci√≥n y cu√°l es su funci√≥n en la pandemia de coronavirus? https://t.co/uggb5Xag8E,2020-04-23 22:09:01,M√©xico
1253446007096049669,OMbilbao,Solo algunos entender√°n #QuedateEnCasa #Coronavirus #COVID19 @pablocasado_ https://t.co/uB5x6lfmXi,2020-04-23 22:09:50,Espa√±a
1253446241041727490,bcaro4,"Las cr√≠ticas al gobierno por el coronavirus en las c√°rceles no es responsabilidad del presidente,es de quienes promovieron protestas en tiempo de covid-19 y de los irresponsables que teniendo la sintomatolog√≠a contagiaron a sus colegas y reclusos.",2020-04-23 22:10:46,Colombia
1253446301632659456,mdtobella,El #Plan√Åmsterdam para relanzar su econom√≠a ante el coronavirus apuesta por romper con el actual #modelodeconsumo  https://t.co/T7wbFAiDcL via @ballenablanca_,2020-04-23 22:11:00,Espanya
1253446447753826304,fervidal31,"La ONU denuncia que la pandemia de Coronavirus est√° deest√°s privando en una crisis mundial de Derechos Humanos.
https://t.co/zG0E7RWjAT",2020-04-23 22:11:35,Espa√±a
1253446477000650763,queipo01,Estar√≠a guapo un brote d coronavirus en supervivientes,2020-04-23 22:11:42,Spain
1253446536752623616,RG_Ponx,Empecemos la quiniela.  Yo digo Septiembre.  #coronavirus https://t.co/LPz8lXNeMP,2020-04-23 22:11:56,Mexico
1253446796321460224,beakmantopace,"en serio como hay gente rid√≠cula, que por cuestiones pol√≠ticas, religi√≥n,creencias o no creencias del coronavirus te dejan de seguir que por qu√© seg√∫n dicen que es un invento nada m√°s,que pena por esas personas,me decepcionan no tienen ni la m√°s m√≠nima idea de lo que es amistad",2020-04-23 22:12:58,M√©xico
1253446813274836992,vania_lilian,Coronavirus. M√©xico est√° por vivir el peor momento de COVID-19: OMS https://t.co/Pz1WYODXuu,2020-04-23 22:13:02,M√©xico
1253446834653212673,miguel_vicky,No es una neumon√≠a m√°s: as√≠ lanza el #coronavirus su ataque silencioso y sist√©mico https://t.co/Qjt09bZyME,2020-04-23 22:13:07,Espa√±a
1253446849333264386,corrientesposit,"Coronavirus 
En Delegaci√≥n de Mendoza y Lavalle, una Sra. present√≥ sintomas febriles, la trasladaron a un centro de salud para ser observada, se activ√≥ protocolo Covid, luego la trasladaron a su domicilio. El personal que trabajaba con ella, tambi√©n fue aislado en sus domicilios",2020-04-23 22:13:11,Argentina
1253446873219817474,luiscab2204,Testimonios del COVID-19: ‚ÄúMi madre estar√≠a muerta si fuera por el Gobierno‚Äù https://t.co/BqN9sIWlOq,2020-04-23 22:13:17,Ecuador
1253446919176761345,PablodeVicente2,"Reposted from coronavid19official Tiene pinta de estar pas√°ndolo mal üò¢

#vecina #coronavirus  - #regrann en Zaragoza, Spain https://t.co/FWH40dPxas",2020-04-23 22:13:28,Espa√±a
1253446988705738754,fleteselquilmen,"Podes mirar #tn #A24 pero pensa un poco no? ü§ìü§ìü§ì
#QuedateEnCasa 
#coronavirus 
#ClarinYLaNacionMienten y si amas a @alferdez lo puso @CFKArgentina üßêüßêüßê https://t.co/TnN2fb98z8",2020-04-23 22:13:44,Argentina
1253447026555191298,BSSROMERO,"Desde que estamos en cuarentena,  muerte por hambre 0, y por coronavirus 8 ... t√∫ eliges üá∏üáª",2020-04-23 22:13:53,El Salvador
1253447088848932867,azael181818,"Lo √öltimo: A mayor temperatura y humedad la vida del Coronavirus se reduce enormemente en una superficie. 

Seg√∫n la Secretaria de Ciencia y Tecnolog√≠a de EUA https://t.co/YCHXUkaMWv",2020-04-23 22:14:08,Estados Unidos
1253447149070753794,Panamaimage1,ONU destaca liderazgo del presidente paname√±o en lucha regional contra el COVID-19 https://t.co/RmiWrRK7x3 v√≠a @Panamaimage.com https://t.co/r67gVG2VWC,2020-04-23 22:14:22,Panam√°
1253447340502941700,progresohispano,"#23ABR | Carrera virtual apoya a inmigrantes afectados
 https://t.co/xM4cZQut4u

#USA #EEUU #coronavirus #COVID19 #CoronaCrisis #Charlotte #NorthCarolina #Clt https://t.co/MyjKceLLn9",2020-04-23 22:15:08,Estados Unidos
1253447385923100673,pablitoguitarr1,"üìç URGENTE üöë
#CORONAVIRUS

‚û° EN MENOS DE UN D√çA SE DUPLICARON LOS CASOS POR CORONA VIRUS EN EL ECUADOR üò¢

‚õîÔ∏è FUENTE: DIARIO ""EL COMERCIO"" üìù
@rtve @telecincoes @soyfdelrincon @alexismoncayo @elcomerciocom @Lenin @Salud_Ec @LeonidasIzaSal1 https://t.co/5HleKwUfvF",2020-04-23 22:15:19,Ecuador
1253447481435787267,carocangini,"Quarantine en Norberto De La Riestra, Buenos Aires, Argentina https://t.co/pxIUknv6z7",2020-04-23 22:15:42,Argentina
1253447670775132160,Marielvy,"#Poltergeist üò≥ ya perd√≠ la cuenta de cu√°ntos d√≠as llevamos en #cuarentena #quarantine #terror #film #horrormovies en Collado-Villalba, Madrid, Spain https://t.co/OgfAF72EJ8",2020-04-23 22:16:27,Espa√±a
1253447677980835844,Manuamador86,"Las 600 personas sin techo confinadas en #Sevilla han dado negativo en los test de coronavirus, ubicados en los tres pabellones habilitados para que puedan cumplir el estado de alarma cuentan con wifi y televisi√≥n. https://t.co/Tu1xjr8gHG",2020-04-23 22:16:29,Espa√±a
1253447931035881477,Kafkava,"La crisis del coronavirus es pol√≠tica.
Los gobiernos deben apoyar decididamente a las familias que, como consecuencia de la crisis del coronavirus, sufrir√°n p√©rdidas en sus ingresos. https://t.co/3RnAbUTlMB v√≠a @elsaltodiario",2020-04-23 22:17:29,Chile
1253447991425466373,nataliariolfi,"""Coronavirus: La ONU alerta una ""crisis de derechos humanos"""" #Coronavirus https://t.co/g3sjn9O9qN",2020-04-23 22:17:43,Argentina
1253448171306594306,CASANNOTICIAS,"@MinSaludCol confirm√≥ 205 nuevos casos de Covid-19 para un total de 4.561 personas contagiadas en el pa√≠s. Asciende a 215 personas fallecidas y 927 recuperados. #Casanare se mantiene con 10 casos de los cuales 5 ya se han recuperado.‚¨áÔ∏è
#QuedateEnCasa https://t.co/nANjsihtso",2020-04-23 22:18:26,Colombia
1253448191871266822,Sanchezmendieta,Vea la actualizaci√≥n de las cifras sobre los casos de coronavirus o Covid19 en Ecuador üëá https://t.co/o5RCSrXNr8 https://t.co/eYgQweYLqM,2020-04-23 22:18:31,Ecuador
1253448226390388737,GustavoHarreguy,"Artigas est√° en alerta. Coordinador de Cecoed confirm√≥ a @InformaCarve850 el segundo caso de coronavirus en Quara√≠.

https://t.co/rVBXhgDSWh",2020-04-23 22:18:39,Uruguay
1253448446142558208,raulalbornoz199,"@LicoreraCaldas empez√≥ la producci√≥n de Alcohol Antis√©ptico debido a la gran demanda por el COVID-19 a nivel nacional, con el fin de abastecer canales como supermercados, tiendas y grandes superficies. #Covid19Colombia https://t.co/4APUoHI7GT",2020-04-23 22:19:32,Colombia
1253448507320610817,macgreyfitness,"Lo primero que me imagine cuando me dijeron #coronavirus üçª en Mexico City, Mexico https://t.co/KFP3UADB2y",2020-04-23 22:19:46,Mexico
1253448639533514755,jayhawkscm,"House votes to create powerful panel to investigate federal coronavirus response

https://t.co/NbI8NAkPAy",2020-04-23 22:20:18,United States
1253448648563863558,lagagli,Se activo el protocolo de #Coronavirus en la esquina de mi casa....üò∑üò∑üò∑,2020-04-23 22:20:20,Argentina
1253448700162183171,munozgaud,"House votes to create powerful panel to investigate federal coronavirus response

https://t.co/adOwoMDaM0",2020-04-23 22:20:32,United States
1253448756508479488,Adrianacomplice,"La C√°mara aprob√≥ el jueves un proyecto de ley provisional de coronavirus de casi $ 500 mil millones que incluye dinero adicional para el programa de pr√©stamos para peque√±as empresas, as√≠ como para hospitales y‚Ä¶ https://t.co/G8hL0ufvnT",2020-04-23 22:20:46,United States
1253448758706294784,Adrianacomplice,"La C√°mara aprob√≥ el jueves un proyecto de ley provisional de coronavirus de casi $ 500 mil millones que incluye dinero adicional para el programa de pr√©stamos para peque√±as empresas, as√≠ como para hospitales y‚Ä¶ https://t.co/ytu8UWy9Ah",2020-04-23 22:20:46,United States
1253448834786693120,ElManuBaquero,FIFA crea un comit√© de Covid-19 y deja en claro que los contratos que se acaben pr√≥ximamente deben extenderse y los que iniciaban pronto deben aplazarse. Sencillo!! @fifacom_es https://t.co/DtlEWS0d8s,2020-04-23 22:21:04,Colombia
1253448910867070977,Adrianacomplice,"La C√°mara aprob√≥ el jueves un proyecto de ley provisional de coronavirus de casi $ 500 mil millones que incluye dinero adicional para el programa de pr√©stamos para peque√±as empresas, as√≠ como para hospitales y‚Ä¶ https://t.co/r5EMGWkn0M",2020-04-23 22:21:22,United States
1253448934812520449,ChristianLM2000,"#MasteredPlaylist1191 #JustSmile #Quarantine #songpop en San Miguel, Lima, Peru https://t.co/PunTso0VnX",2020-04-23 22:21:28,Peru
1253449016471367681,FcoPatilla,"Autocines podr√≠an ponerse nuevamente a la moda como en los a√±os 70 por el Covid-19????
#Covid_19
#COVID„Éº19
#CuarentenaESP #YoMeQuedoEnCasa",2020-04-23 22:21:48,Espa√±a
1253449020430786562,Felixguerra33,Red hospitalaria para atender casos por COVID-19 cuenta con m√°s de 2 mil camas https://t.co/fVsnTLsFGr v√≠a @listindiario,2020-04-23 22:21:49,Dominican Republic
1253449136776585217,lasaetanoticias,"#Nacionales | Venezuela y Cruz Roja Internacional coordinan acciones frente al COVID-19
@NicolasMaduro @CruzRojaInforma https://t.co/8gPvWnAYVi",2020-04-23 22:22:16,Venezuela
1253449246772285446,sofigarello,"Qu√© pensaran los votantes de Bolsonaro cuando ven las no medidas respecto al Coronavirus. 
Y las fozas comunes.. qu√© horror",2020-04-23 22:22:43,Argentina
1253449315470761985,PhillipOjr,Quarantine vibesü§∑üèæ https://t.co/bkBsyb67pe,2020-04-23 22:22:59,
